predictor_order,predictor,family,source,source_column,model_role,missingness_semantics,issue_time_semantics
1,era5__ivt_e_mean_kg_m1_s1,DYNAMIC,era5,ivt_e_mean_kg_m1_s1,PRIMARY_DYNAMIC_CORE,STANDARD,END_OF_DAY_REANALYSIS_ANALYSIS
2,era5__ivt_n_mean_kg_m1_s1,DYNAMIC,era5,ivt_n_mean_kg_m1_s1,PRIMARY_DYNAMIC_CORE,STANDARD,END_OF_DAY_REANALYSIS_ANALYSIS
3,era5__ivt_mag_mean_kg_m1_s1,DYNAMIC,era5,ivt_mag_mean_kg_m1_s1,PRIMARY_DYNAMIC_CORE,STANDARD,END_OF_DAY_REANALYSIS_ANALYSIS
4,era5__ivt_mag_max_kg_m1_s1,DYNAMIC,era5,ivt_mag_max_kg_m1_s1,PRIMARY_DYNAMIC_CORE,STANDARD,END_OF_DAY_REANALYSIS_ANALYSIS
5,era5__tcwv_mean_kg_m2,DYNAMIC,era5,tcwv_mean_kg_m2,PRIMARY_DYNAMIC_CORE,STANDARD,END_OF_DAY_REANALYSIS_ANALYSIS
6,era5__tcwv_max_kg_m2,DYNAMIC,era5,tcwv_max_kg_m2,PRIMARY_DYNAMIC_CORE,STANDARD,END_OF_DAY_REANALYSIS_ANALYSIS
7,era5__cape_mean_j_kg,DYNAMIC,era5,cape_mean_j_kg,PRIMARY_DYNAMIC_CORE,STANDARD,END_OF_DAY_REANALYSIS_ANALYSIS
8,era5__cape_max_j_kg,DYNAMIC,era5,cape_max_j_kg,PRIMARY_DYNAMIC_CORE,STANDARD,END_OF_DAY_REANALYSIS_ANALYSIS
9,era5__mslp_mean_pa,DYNAMIC,era5,mslp_mean_pa,PRIMARY_DYNAMIC_CORE,STANDARD,END_OF_DAY_REANALYSIS_ANALYSIS
10,era5__mslp_min_pa,DYNAMIC,era5,mslp_min_pa,PRIMARY_DYNAMIC_CORE,STANDARD,END_OF_DAY_REANALYSIS_ANALYSIS
11,era5__u925_mean_m_s,DYNAMIC,era5,u925_mean_m_s,PRIMARY_DYNAMIC_CORE,STANDARD,END_OF_DAY_REANALYSIS_ANALYSIS
12,era5__v925_mean_m_s,DYNAMIC,era5,v925_mean_m_s,PRIMARY_DYNAMIC_CORE,STANDARD,END_OF_DAY_REANALYSIS_ANALYSIS
13,era5__wind925_mean_m_s,DYNAMIC,era5,wind925_mean_m_s,PRIMARY_DYNAMIC_CORE,STANDARD,END_OF_DAY_REANALYSIS_ANALYSIS
14,era5__wind925_max_m_s,DYNAMIC,era5,wind925_max_m_s,PRIMARY_DYNAMIC_CORE,STANDARD,END_OF_DAY_REANALYSIS_ANALYSIS
15,era5__q925_mean_kg_kg,DYNAMIC,era5,q925_mean_kg_kg,PRIMARY_DYNAMIC_CORE,STANDARD,END_OF_DAY_REANALYSIS_ANALYSIS
16,era5__t925_mean_k,DYNAMIC,era5,t925_mean_k,PRIMARY_DYNAMIC_CORE,STANDARD,END_OF_DAY_REANALYSIS_ANALYSIS
17,era5__u850_mean_m_s,DYNAMIC,era5,u850_mean_m_s,PRIMARY_DYNAMIC_CORE,STANDARD,END_OF_DAY_REANALYSIS_ANALYSIS
18,era5__v850_mean_m_s,DYNAMIC,era5,v850_mean_m_s,PRIMARY_DYNAMIC_CORE,STANDARD,END_OF_DAY_REANALYSIS_ANALYSIS
19,era5__wind850_mean_m_s,DYNAMIC,era5,wind850_mean_m_s,PRIMARY_DYNAMIC_CORE,STANDARD,END_OF_DAY_REANALYSIS_ANALYSIS
20,era5__wind850_max_m_s,DYNAMIC,era5,wind850_max_m_s,PRIMARY_DYNAMIC_CORE,STANDARD,END_OF_DAY_REANALYSIS_ANALYSIS
21,era5__q850_mean_kg_kg,DYNAMIC,era5,q850_mean_kg_kg,PRIMARY_DYNAMIC_CORE,STANDARD,END_OF_DAY_REANALYSIS_ANALYSIS
22,era5__t850_mean_k,DYNAMIC,era5,t850_mean_k,PRIMARY_DYNAMIC_CORE,STANDARD,END_OF_DAY_REANALYSIS_ANALYSIS
23,era5__u700_mean_m_s,DYNAMIC,era5,u700_mean_m_s,PRIMARY_DYNAMIC_CORE,STANDARD,END_OF_DAY_REANALYSIS_ANALYSIS
24,era5__v700_mean_m_s,DYNAMIC,era5,v700_mean_m_s,PRIMARY_DYNAMIC_CORE,STANDARD,END_OF_DAY_REANALYSIS_ANALYSIS
25,era5__wind700_mean_m_s,DYNAMIC,era5,wind700_mean_m_s,PRIMARY_DYNAMIC_CORE,STANDARD,END_OF_DAY_REANALYSIS_ANALYSIS
26,era5__wind700_max_m_s,DYNAMIC,era5,wind700_max_m_s,PRIMARY_DYNAMIC_CORE,STANDARD,END_OF_DAY_REANALYSIS_ANALYSIS
27,era5__q700_mean_kg_kg,DYNAMIC,era5,q700_mean_kg_kg,PRIMARY_DYNAMIC_CORE,STANDARD,END_OF_DAY_REANALYSIS_ANALYSIS
28,era5__t700_mean_k,DYNAMIC,era5,t700_mean_k,PRIMARY_DYNAMIC_CORE,STANDARD,END_OF_DAY_REANALYSIS_ANALYSIS
29,era5__precip_sum_mm,DYNAMIC,era5,precip_sum_mm,PRIMARY_DYNAMIC_CORE,STANDARD,END_OF_DAY_REANALYSIS_ANALYSIS
30,era5__precip_max_1h_mm,DYNAMIC,era5,precip_max_1h_mm,PRIMARY_DYNAMIC_CORE,STANDARD,END_OF_DAY_REANALYSIS_ANALYSIS
31,era5__soil_water_l1_m3_m3,DYNAMIC,era5,soil_water_l1_m3_m3,PRIMARY_DYNAMIC_CORE,STANDARD,END_OF_DAY_REANALYSIS_ANALYSIS
32,era5__soil_water_l2_m3_m3,DYNAMIC,era5,soil_water_l2_m3_m3,PRIMARY_DYNAMIC_CORE,STANDARD,END_OF_DAY_REANALYSIS_ANALYSIS
33,era5__soil_water_l3_m3_m3,DYNAMIC,era5,soil_water_l3_m3_m3,PRIMARY_DYNAMIC_CORE,STANDARD,END_OF_DAY_REANALYSIS_ANALYSIS
34,era5__snow_depth_mwe,DYNAMIC,era5,snow_depth_mwe,PRIMARY_DYNAMIC_CORE,STANDARD,END_OF_DAY_REANALYSIS_ANALYSIS
35,era5__season_day,DYNAMIC,era5,season_day,PRIMARY_CALENDAR_KNOWN,STANDARD,END_OF_DAY_REANALYSIS_ANALYSIS
36,era5__ivt_dir_sin,DYNAMIC,era5,ivt_dir_sin,PRIMARY_DYNAMIC_CORE,STANDARD,END_OF_DAY_REANALYSIS_ANALYSIS
37,era5__ivt_dir_cos,DYNAMIC,era5,ivt_dir_cos,PRIMARY_DYNAMIC_CORE,STANDARD,END_OF_DAY_REANALYSIS_ANALYSIS
38,era5__ivt_mag_change_24h,DYNAMIC,era5,ivt_mag_change_24h,PRIMARY_DYNAMIC_CORE,STANDARD,END_OF_DAY_REANALYSIS_ANALYSIS
39,era5__tcwv_change_24h,DYNAMIC,era5,tcwv_change_24h,PRIMARY_DYNAMIC_CORE,STANDARD,END_OF_DAY_REANALYSIS_ANALYSIS
40,era5__cape_change_24h,DYNAMIC,era5,cape_change_24h,PRIMARY_DYNAMIC_CORE,STANDARD,END_OF_DAY_REANALYSIS_ANALYSIS
41,era5__mslp_change_24h_pa,DYNAMIC,era5,mslp_change_24h_pa,PRIMARY_DYNAMIC_CORE,STANDARD,END_OF_DAY_REANALYSIS_ANALYSIS
42,era5__ivt_mag_prev1d,DYNAMIC,era5,ivt_mag_prev1d,PRIMARY_DYNAMIC_CORE,STANDARD,END_OF_DAY_REANALYSIS_ANALYSIS
43,era5__ivt_mag_prev3d_mean,DYNAMIC,era5,ivt_mag_prev3d_mean,PRIMARY_DYNAMIC_CORE,STANDARD,END_OF_DAY_REANALYSIS_ANALYSIS
44,era5__ivt_mag_prev7d_mean,DYNAMIC,era5,ivt_mag_prev7d_mean,PRIMARY_DYNAMIC_CORE,STRUCTURAL_SEASON_EDGE_NAN,END_OF_DAY_REANALYSIS_ANALYSIS
45,era5__ivt_mag_prev3d_max,DYNAMIC,era5,ivt_mag_prev3d_max,PRIMARY_DYNAMIC_CORE,STANDARD,END_OF_DAY_REANALYSIS_ANALYSIS
46,era5__precip_prev1d_mm,DYNAMIC,era5,precip_prev1d_mm,PRIMARY_DYNAMIC_CORE,STANDARD,END_OF_DAY_REANALYSIS_ANALYSIS
47,era5__precip_prev3d_mm,DYNAMIC,era5,precip_prev3d_mm,PRIMARY_DYNAMIC_CORE,STANDARD,END_OF_DAY_REANALYSIS_ANALYSIS
48,era5__precip_prev7d_mm,DYNAMIC,era5,precip_prev7d_mm,PRIMARY_DYNAMIC_CORE,STRUCTURAL_SEASON_EDGE_NAN,END_OF_DAY_REANALYSIS_ANALYSIS
49,era5__precip_prev14d_mm,DYNAMIC,era5,precip_prev14d_mm,PRIMARY_DYNAMIC_CORE,STRUCTURAL_SEASON_EDGE_NAN,END_OF_DAY_REANALYSIS_ANALYSIS
50,era5__precip_3d_incl_today_mm,DYNAMIC,era5,precip_3d_incl_today_mm,PRIMARY_DYNAMIC_CORE,STANDARD,END_OF_DAY_REANALYSIS_ANALYSIS
51,era5__precip_7d_incl_today_mm,DYNAMIC,era5,precip_7d_incl_today_mm,PRIMARY_DYNAMIC_CORE,STANDARD,END_OF_DAY_REANALYSIS_ANALYSIS
52,era5__precip_max1h_prev1d_mm,DYNAMIC,era5,precip_max1h_prev1d_mm,PRIMARY_DYNAMIC_CORE,STANDARD,END_OF_DAY_REANALYSIS_ANALYSIS
53,era5__precip_max1h_prev3d_max_mm,DYNAMIC,era5,precip_max1h_prev3d_max_mm,PRIMARY_DYNAMIC_CORE,STANDARD,END_OF_DAY_REANALYSIS_ANALYSIS
54,era5__soil_water_l1_m3_m3_prev1d,DYNAMIC,era5,soil_water_l1_m3_m3_prev1d,PRIMARY_DYNAMIC_CORE,STANDARD,END_OF_DAY_REANALYSIS_ANALYSIS
55,era5__soil_water_l2_m3_m3_prev1d,DYNAMIC,era5,soil_water_l2_m3_m3_prev1d,PRIMARY_DYNAMIC_CORE,STANDARD,END_OF_DAY_REANALYSIS_ANALYSIS
56,era5__soil_water_l3_m3_m3_prev1d,DYNAMIC,era5,soil_water_l3_m3_m3_prev1d,PRIMARY_DYNAMIC_CORE,STANDARD,END_OF_DAY_REANALYSIS_ANALYSIS
57,era5__snow_depth_mwe_prev1d,DYNAMIC,era5,snow_depth_mwe_prev1d,PRIMARY_DYNAMIC_CORE,STANDARD,END_OF_DAY_REANALYSIS_ANALYSIS
58,era5__soil_profile_mean_m3_m3,DYNAMIC,era5,soil_profile_mean_m3_m3,PRIMARY_DYNAMIC_CORE,STANDARD,END_OF_DAY_REANALYSIS_ANALYSIS
59,era5__soil_profile_mean_prev1d_m3_m3,DYNAMIC,era5,soil_profile_mean_prev1d_m3_m3,PRIMARY_DYNAMIC_CORE,STANDARD,END_OF_DAY_REANALYSIS_ANALYSIS
60,era5__qwind925_proxy,DYNAMIC,era5,qwind925_proxy,PRIMARY_DYNAMIC_CORE,STANDARD,END_OF_DAY_REANALYSIS_ANALYSIS
61,era5__q925_prev1d_kg_kg,DYNAMIC,era5,q925_prev1d_kg_kg,PRIMARY_DYNAMIC_CORE,STANDARD,END_OF_DAY_REANALYSIS_ANALYSIS
62,era5__wind925_prev1d_m_s,DYNAMIC,era5,wind925_prev1d_m_s,PRIMARY_DYNAMIC_CORE,STANDARD,END_OF_DAY_REANALYSIS_ANALYSIS
63,era5__qwind850_proxy,DYNAMIC,era5,qwind850_proxy,PRIMARY_DYNAMIC_CORE,STANDARD,END_OF_DAY_REANALYSIS_ANALYSIS
64,era5__q850_prev1d_kg_kg,DYNAMIC,era5,q850_prev1d_kg_kg,PRIMARY_DYNAMIC_CORE,STANDARD,END_OF_DAY_REANALYSIS_ANALYSIS
65,era5__wind850_prev1d_m_s,DYNAMIC,era5,wind850_prev1d_m_s,PRIMARY_DYNAMIC_CORE,STANDARD,END_OF_DAY_REANALYSIS_ANALYSIS
66,era5__qwind700_proxy,DYNAMIC,era5,qwind700_proxy,PRIMARY_DYNAMIC_CORE,STANDARD,END_OF_DAY_REANALYSIS_ANALYSIS
67,era5__q700_prev1d_kg_kg,DYNAMIC,era5,q700_prev1d_kg_kg,PRIMARY_DYNAMIC_CORE,STANDARD,END_OF_DAY_REANALYSIS_ANALYSIS
68,era5__wind700_prev1d_m_s,DYNAMIC,era5,wind700_prev1d_m_s,PRIMARY_DYNAMIC_CORE,STANDARD,END_OF_DAY_REANALYSIS_ANALYSIS
69,medsea_ivt__medsea_sst_anom_corridor_c,DYNAMIC,medsea_ivt,medsea_sst_anom_corridor_c,PRIMARY_DYNAMIC_CORE,CONDITIONAL_MEDSEA_SUPPORT__NO_ZERO_IMPUTATION,END_OF_DAY_REANALYSIS_ANALYSIS
70,medsea_ivt__medsea_ohc_0_100_corridor_j_m2,DYNAMIC,medsea_ivt,medsea_ohc_0_100_corridor_j_m2,PRIMARY_DYNAMIC_CORE,CONDITIONAL_MEDSEA_SUPPORT__NO_ZERO_IMPUTATION,END_OF_DAY_REANALYSIS_ANALYSIS
71,medsea_ivt__medsea_ohc_anom_corridor_j_m2,DYNAMIC,medsea_ivt,medsea_ohc_anom_corridor_j_m2,PRIMARY_DYNAMIC_CORE,CONDITIONAL_MEDSEA_SUPPORT__NO_ZERO_IMPUTATION,END_OF_DAY_REANALYSIS_ANALYSIS
72,medsea_ivt__medsea_tmean_0_100_corridor_c,DYNAMIC,medsea_ivt,medsea_tmean_0_100_corridor_c,PRIMARY_DYNAMIC_CORE,CONDITIONAL_MEDSEA_SUPPORT__NO_ZERO_IMPUTATION,END_OF_DAY_REANALYSIS_ANALYSIS
73,medsea_ivt__medsea_tmean_anom_0_100_corridor_c,DYNAMIC,medsea_ivt,medsea_tmean_anom_0_100_corridor_c,PRIMARY_DYNAMIC_CORE,CONDITIONAL_MEDSEA_SUPPORT__NO_ZERO_IMPUTATION,END_OF_DAY_REANALYSIS_ANALYSIS
74,medsea_ivt__sst_corridor_support_weight,DYNAMIC,medsea_ivt,sst_corridor_support_weight,PRIMARY_SUPPORT_COMPANION,SUPPORT_STATE,END_OF_DAY_REANALYSIS_ANALYSIS
75,medsea_ivt__ohc_corridor_support_weight,DYNAMIC,medsea_ivt,ohc_corridor_support_weight,PRIMARY_SUPPORT_COMPANION,SUPPORT_STATE,END_OF_DAY_REANALYSIS_ANALYSIS
76,medsea_ivt__ohc_abs_corridor_support_weight,DYNAMIC,medsea_ivt,ohc_abs_corridor_support_weight,PRIMARY_SUPPORT_COMPANION,SUPPORT_STATE,END_OF_DAY_REANALYSIS_ANALYSIS
77,medsea_ivt__tmean_corridor_support_weight,DYNAMIC,medsea_ivt,tmean_corridor_support_weight,PRIMARY_SUPPORT_COMPANION,SUPPORT_STATE,END_OF_DAY_REANALYSIS_ANALYSIS
78,medsea_ivt__tmean_anom_corridor_support_weight,DYNAMIC,medsea_ivt,tmean_anom_corridor_support_weight,PRIMARY_SUPPORT_COMPANION,SUPPORT_STATE,END_OF_DAY_REANALYSIS_ANALYSIS
79,medsea_ivt__sst_anom_x_ivt_proxy,DYNAMIC,medsea_ivt,sst_anom_x_ivt_proxy,PRIMARY_DYNAMIC_CORE,CONDITIONAL_MEDSEA_SUPPORT__NO_ZERO_IMPUTATION,END_OF_DAY_REANALYSIS_ANALYSIS
80,medsea_ivt__ohc_anom_x_ivt_proxy,DYNAMIC,medsea_ivt,ohc_anom_x_ivt_proxy,PRIMARY_DYNAMIC_CORE,CONDITIONAL_MEDSEA_SUPPORT__NO_ZERO_IMPUTATION,END_OF_DAY_REANALYSIS_ANALYSIS
81,medsea_ivt__medsea_support_baseline,DYNAMIC,medsea_ivt,medsea_support_baseline,PRIMARY_SUPPORT_COMPANION,SUPPORT_STATE,END_OF_DAY_REANALYSIS_ANALYSIS
82,medsea_ivt__medsea_support_angle_wide,DYNAMIC,medsea_ivt,medsea_support_angle_wide,PRIMARY_SUPPORT_COMPANION,SUPPORT_STATE,END_OF_DAY_REANALYSIS_ANALYSIS
83,medsea_ivt__medsea_support_robust_core,DYNAMIC,medsea_ivt,medsea_support_robust_core,PRIMARY_SUPPORT_COMPANION,SUPPORT_STATE,END_OF_DAY_REANALYSIS_ANALYSIS
84,static__area_km2,STATIC,static_receptor,area_km2,PRIMARY_STATIC_DESCRIPTOR,NO_MISSING_EXPECTED,TIME_INVARIANT
85,static__circularity_4piA_P2,STATIC,static_receptor,circularity_4piA_P2,PRIMARY_STATIC_DESCRIPTOR,NO_MISSING_EXPECTED,TIME_INVARIANT
86,static__convexity_area_ratio,STATIC,static_receptor,convexity_area_ratio,PRIMARY_STATIC_DESCRIPTOR,NO_MISSING_EXPECTED,TIME_INVARIANT
87,static__elevation_m_mean,STATIC,static_receptor,elevation_m_mean,PRIMARY_STATIC_DESCRIPTOR,NO_MISSING_EXPECTED,TIME_INVARIANT
88,static__elevation_m_p90,STATIC,static_receptor,elevation_m_p90,PRIMARY_STATIC_DESCRIPTOR,NO_MISSING_EXPECTED,TIME_INVARIANT
89,static__relief_m,STATIC,static_receptor,relief_m,PRIMARY_STATIC_DESCRIPTOR,NO_MISSING_EXPECTED,TIME_INVARIANT
90,static__hypsometric_integral_proxy,STATIC,static_receptor,hypsometric_integral_proxy,PRIMARY_STATIC_DESCRIPTOR,NO_MISSING_EXPECTED,TIME_INVARIANT
91,static__elevation_fraction_lt500m,STATIC,static_receptor,elevation_fraction_lt500m,PRIMARY_STATIC_DESCRIPTOR,NO_MISSING_EXPECTED,TIME_INVARIANT
92,static__elevation_fraction_500_1000m,STATIC,static_receptor,elevation_fraction_500_1000m,PRIMARY_STATIC_DESCRIPTOR,NO_MISSING_EXPECTED,TIME_INVARIANT
93,static__elevation_fraction_1000_1500m,STATIC,static_receptor,elevation_fraction_1000_1500m,PRIMARY_STATIC_DESCRIPTOR,NO_MISSING_EXPECTED,TIME_INVARIANT
94,static__slope_deg_mean,STATIC,static_receptor,slope_deg_mean,PRIMARY_STATIC_DESCRIPTOR,NO_MISSING_EXPECTED,TIME_INVARIANT
95,static__slope_deg_p90,STATIC,static_receptor,slope_deg_p90,PRIMARY_STATIC_DESCRIPTOR,NO_MISSING_EXPECTED,TIME_INVARIANT
96,static__slope_fraction_ge15deg,STATIC,static_receptor,slope_fraction_ge15deg,PRIMARY_STATIC_DESCRIPTOR,NO_MISSING_EXPECTED,TIME_INVARIANT
97,static__slope_fraction_ge30deg,STATIC,static_receptor,slope_fraction_ge30deg,PRIMARY_STATIC_DESCRIPTOR,NO_MISSING_EXPECTED,TIME_INVARIANT
